parent,cat,word,word_level,pos
,,管理百科,120,n
,,经济百科,120,n
,,金融百科,120,n
,,法律百科,120,n
,,行业百科,120,n
行业百科,categories,百货,119,n
行业百科,categories,办公用品,119,n
行业百科,categories,会展,119,n
,,综合条目,120,n
会展,word,会展,118,n
会展,word,标准展位,118,n
会展,word,布展,118,n
会展,word,城市会展经济,118,n
会展,word,参展商,118,n
会展,word,撤展,118,n
会展,word,会展经济,118,n
会展,word,会展物流,118,n
会展,word,会展旅游,118,n
会展,word,会展策划师,118,n
会展,word,会展旅游产品,118,n
会展,word,会展旅游者,118,n
会展,word,会展旅游业,118,n
会展,word,会展物流服务商,118,n
会展,word,会展产业,118,n
会展,word,会展信息化管理,118,n
会展,word,会展物流管理,118,n
会展,word,会展物流系统,118,n
会展,word,会展物流信息,118,n
会展,word,会展场馆,118,n
会展,word,会议中心,118,n
会展,word,会展品牌营销,118,n
会展,word,会展财务管理,118,n
会展,word,会展风险管理,118,n
会展,word,会展定位,118,n
会展,word,会展定价,118,n
会展,word,会展客户关系管理,118,n
会展,word,会展管理信息系统,118,n
会展,word,会展电子商务,118,n
会展,word,会展营销管理,118,n
会展,word,会展组织,118,n
会展,word,会展人才,118,n
会展,word,会展策划,118,n
会展,word,会展企业,118,n
会展,word,会展规划,118,n
会展,word,会展市场,118,n
会展,word,会展设施,118,n
会展,word,会展接待,118,n
会展,word,会议评估,118,n
会展,word,会展策划书,118,n
会展,word,会展产业生态化,118,n
会展,word,会展教育,118,n
会展,word,会展产业集群,118,n
会展,word,会展广告,118,n
会展,word,会展管理体制,118,n
会展,word,会展旅游品牌,118,n
会展,word,会展文化,118,n
会展,word,会展旅游产业链,118,n
会展,word,会展产业链,118,n
会展,word,会展旅游安全管理,118,n
会展,word,绿色会展,118,n
会展,word,会展设计,118,n
会展,word,会展设计项目管理,118,n
会展,word,会展拉动效应,118,n
会展,word,会展主题,118,n
会展,word,会展营销师,118,n
会展,word,会展艺术,118,n
会展,word,会展活动,118,n
会展,word,奖励旅游,118,n
会展,word,节事营销,118,n
会展,word,农业会展旅游,118,n
会展,word,农业会展,118,n
会展,word,品牌展览会,118,n
会展,word,数字展厅,118,n
会展,word,特装展位,118,n
会展,word,网上会展,118,n
会展,word,文化会展,118,n
会展,word,虚拟会展,118,n
会展,word,展会营销,118,n
会展,word,展览展销,118,n
会展,word,展品运输,118,n
会展,word,展品运输代理,118,n
会展,word,展览旅游,118,n
会展,word,组展商,118,n
会展,word,专业观众,118,n
会展,word,展览服务商,118,n
会展,word,招展,118,n
会展,word,展会招商,118,n
会展,word,展品,118,n
会展,word,展会会刊,118,n
会展,word,专业性展览会,118,n
会展,word,综合性展览会,118,n
会展,word,展览业,118,n
会展,word,展台设计,118,n
会展,word,展位销售,118,n
会展,word,展厅经理,118,n
会展,word,展会宣传方式,118,n
办公用品,categories,办公用品公司,118,n
办公用品,word,办公用品,118,n
办公用品,word,办公设备,118,n
办公用品,word,打印机,118,n
百货,categories,百货公司,118,n
百货,word,百货,118,n
百货,word,百货连锁,118,n
百货,word,百货营销,118,n
百货,word,山姆会员商店,118,n
百货,word,动线,118,n
百货,word,店铺,118,n
百货,word,店铺设计,118,n
百货,word,店铺开发,118,n
百货,word,店铺陈列,118,n
百货,word,店铺管理,118,n
百货,word,店长,118,n
百货,word,购物空间,118,n
百货,word,公共区域,118,n
百货,word,柜台,118,n
百货,word,量贩,118,n
百货,word,来雅百货,118,n
百货,word,坪效,118,n
百货,word,人效,118,n
百货,word,日用百货,118,n
百货,word,商场管理,118,n
百货,word,现代百货,118,n
百货,word,营业员,118,n
百货,word,自动扶梯,118,n
百货,word,主题百货,118,n
办公用品公司,word,三菱铅笔,117,n
百货公司,word,东百集团,117,n
百货公司,word,法国巴黎春天百货集团,117,n
百货公司,word,高岛屋,117,n
百货公司,word,荷兰阿霍德集团,117,n
百货公司,word,韩国乐天集团,117,n
百货公司,word,盒马鲜生,117,n
百货公司,word,老佛爷百货,117,n
百货公司,word,美国西尔斯公司,117,n
百货公司,word,美国联合百货公司,117,n
百货公司,word,美国塞克斯公司,117,n
百货公司,word,美国梅西百货公司,117,n
百货公司,word,美国柯尔百货公司,117,n
百货公司,word,茂业集团,117,n
百货公司,word,瑞士Migros公司,117,n
百货公司,word,日本永旺集团,117,n
百货公司,word,日本千禧控股公司,117,n
百货公司,word,上海万象集团股份有限公司,117,n
百货公司,word,四川汉唐实业(集团)有限公司,117,n
百货公司,word,三联商社,117,n
百货公司,word,石家庄北国人百集团有限责任公司,117,n
百货公司,word,三江购物俱乐部股份有限公司,117,n
百货公司,word,天津一商集团有限公司,117,n
百货公司,word,天虹商场股份有限公司,117,n
百货公司,word,万达百货,117,n
百货公司,word,新华都集团,117,n
百货公司,word,伊势丹,117,n
百货公司,word,伊藤洋华堂,117,n
百货公司,word,银泰商业（集团）有限公司,117,n
parent,cat,word,word_level,pos
,,管理百科,120,n
,,经济百科,120,n
,,金融百科,120,n
,,法律百科,120,n
,,行业百科,120,n
行业百科,categories,能源,119,n
,,综合条目,120,n
能源,categories,能源采矿公司,118,n
能源,categories,石油天然气公司,118,n
能源,categories,石油,118,n
能源,word,能源,118,n
能源,word,1/3焦煤,118,n
能源,word,1/2中粘煤,118,n
能源,word,不可再生能源,118,n
能源,word,波浪能,118,n
能源,word,不粘煤,118,n
能源,word,标准燃料,118,n
能源,word,标准煤,118,n
能源,word,北煤南运,118,n
能源,word,常规能源,118,n
能源,word,储量替代率,118,n
能源,word,潮汐能,118,n
能源,word,采收率,118,n
能源,word,储采比,118,n
能源,word,长焰煤,118,n
能源,word,城市煤气供应量,118,n
能源,word,城市煤气,118,n
能源,word,储量损失率,118,n
能源,word,川气东送工程,118,n
能源,word,地热能,118,n
能源,word,水能,118,n
能源,word,电池,118,n
能源,word,低碳能源,118,n
能源,word,低热值燃料,118,n
能源,word,当量热值,118,n
能源,word,等价热值,118,n
能源,word,动用储量,118,n
能源,word,大亚湾核电站,118,n
能源,word,大能源观,118,n
能源,word,电能,118,n
能源,word,电能计量,118,n
能源,word,地热发电,118,n
能源,word,二次能源,118,n
能源,word,二次能源生产量,118,n
能源,word,腐植煤,118,n
能源,word,非化石能源,118,n
能源,word,分类电价制度,118,n
能源,word,费用分摊制度,118,n
能源,word,非燃料能源,118,n
能源,word,非商品能源,118,n
能源,word,非常规石油,118,n
能源,word,非清洁能源,118,n
能源,word,肥煤,118,n
能源,word,风化煤,118,n
能源,word,发生炉煤气,118,n
能源,word,非矿物能源,118,n
能源,word,分布式能源系统,118,n
能源,word,发电能源,118,n
能源,word,过程性能源,118,n
能源,word,固体能源,118,n
能源,word,工业企业能源消费量,118,n
能源,word,工业生产综合能源消费量,118,n
能源,word,高炉煤气,118,n
能源,word,固体废物资源化,118,n
能源,word,高碳能源,118,n
能源,word,化石能源,118,n
能源,word,海洋能,118,n
能源,word,海洋温差能,118,n
能源,word,核能,118,n
能源,word,含能体能源,118,n
能源,word,海流能,118,n
能源,word,耗能工质,118,n
能源,word,褐煤,118,n
能源,word,海洋工程,118,n
能源,word,海洋资源,118,n
能源,word,后续能源,118,n
能源,word,化石燃料淘汰,118,n
能源,word,经济可采储量,118,n
能源,word,焦煤,118,n
能源,word,间接节能,118,n
能源,word,焦炉煤气,118,n
能源,word,节能,118,n
能源,word,节能减排,118,n
能源,word,基础储量,118,n
能源,word,节能技术,118,n
能源,word,甲醇经济,118,n
能源,word,阶梯气价,118,n
能源,word,节能降耗,118,n
能源,word,可再生能源,118,n
能源,word,可再生能源配额制,118,n
能源,word,可再生能源专项资金,118,n
能源,word,可燃冰,118,n
能源,word,矿物能源,118,n
能源,word,可再生能源商业化,118,n
能源,word,绿色证书,118,n
能源,word,绿色电力,118,n
能源,word,绿色证书交易,118,n
能源,word,绿色证书交易制度,118,n
能源,word,粒级煤,118,n
能源,word,沥青焦,118,n
能源,word,炼厂干气,118,n
能源,word,煤炭,118,n
能源,word,煤电价格联动,118,n
能源,word,煤炭资源储量,118,n
能源,word,煤炭储量损失,118,n
能源,word,煤矸石,118,n
能源,word,煤炭焦化,118,n
能源,word,煤炭气化,118,n
能源,word,煤层气,118,n
能源,word,煤炭应急物流,118,n
能源,word,煤炭产业辐射,118,n
能源,word,能源统计,118,n
能源,word,石油,118,n
能源,word,能源消耗率,118,n
能源,word,能源生产率,118,n
能源,word,能源经济效益,118,n
能源,word,能源弹性系数,118,n
能源,word,能源政策,118,n
能源,word,能源节约,118,n
能源,word,能源危机,118,n
能源,word,能源结构优化,118,n
能源,word,能源结构,118,n
能源,word,能源储备,118,n
能源,word,农村能源,118,n
能源,word,能源生产结构,118,n
能源,word,能源应急,118,n
能源,word,能源可持续发展,118,n
能源,word,能量转换,118,n
能源,word,能源短缺,118,n
能源,word,能源消费结构,118,n
能源,word,能源计量,118,n
能源,word,能源消费总量,118,n
能源,word,能源梯级利用,118,n
能源,word,能源统计原始记录,118,n
能源,word,能源统计台帐,118,n
能源,word,能源统计指标体系,118,n
能源,word,能源资源统计,118,n
能源,word,能源资源,118,n
能源,word,难动用储量,118,n
能源,word,能源加工转换,118,n
能源,word,能源就地转化,118,n
能源,word,能源加工转换统计,118,n
能源,word,能源加工转换效率,118,n
能源,word,能源运输,118,n
能源,word,能源产品销售量,118,n
能源,word,能源植物,118,n
能源,word,能源运量,118,n
能源,word,能源商品销售量,118,n
能源,word,能源库存量统计,118,n
能源,word,能源库存量,118,n
能源,word,能源库存总值,118,n
能源,word,能源消费统计,118,n
能源,word,能源消费量,118,n
能源,word,能源综合平衡统计,118,n
能源,word,能源平衡表,118,n
能源,word,泥炭,118,n
能源,word,煤炭液化,118,n
能源,word,能源统计分析,118,n
能源,word,能源流转统计,118,n
能源,word,能源管理,118,n
能源,word,能源经济,118,n
能源,word,能源消费,118,n
能源,word,能源预测,118,n
能源,word,能源规划,118,n
能源,word,能源转型,118,n
能源,word,能源平衡,118,n
能源,word,能源环境,118,n
能源,word,能源预警,118,n
能源,word,能流密度,118,n
能源,word,能源互联网,118,n
能源,word,能源地下工程,118,n
能源,word,能源基地,118,n
能源,word,能源补贴,118,n
能源,word,能源优化,118,n
能源,word,能源革命,118,n
能源,word,能源消费强度,118,n
能源,word,能用权,118,n
能源,word,能源开发,118,n
能源,word,能源需求预测,118,n
能源,word,能源储运,118,n
能源,word,能源托管,118,n
能源,word,贫煤,118,n
能源,word,贫瘦煤,118,n
能源,word,氢能,118,n
能源,word,清洁能源,118,n
能源,word,强制上网制度,118,n
能源,word,汽车节能,118,n
能源,word,气体能源,118,n
能源,word,气肥煤,118,n
能源,word,气煤,118,n
能源,word,企业节能量,118,n
能源,word,气田气,118,n
能源,word,气候资源,118,n
能源,word,区域能源规划,118,n
能源,word,区域能源利用,118,n
能源,word,燃料能源,118,n
能源,word,燃料热值,118,n
能源,word,弱粘煤,118,n
能源,word,生物质能,118,n
能源,word,商品能源,118,n
能源,word,水力资源开发程度,118,n
能源,word,剩余可采储量,118,n
能源,word,瘦煤,118,n
能源,word,石油焦,118,n
能源,word,石油炼制品,118,n
能源,word,水煤浆,118,n
能源,word,石煤,118,n
石油,categories,石油天然气公司,117,n
石油,word,API gravity,117,n
石油,word,成品油损耗,117,n
石油,word,成品油零售损耗,117,n
石油,word,成品油,117,n
石油,word,成藏组合,117,n
石油,word,第一次石油危机,117,n
石油,word,第二次石油危机,117,n
石油,word,第三次石油危机,117,n
石油,word,贷款换石油模式,117,n
石油,word,EIA原油库存数据,117,n
石油,word,份额油,117,n
石油,word,国际石油定价权,117,n
石油,word,含油气系统,117,n
石油,word,克拉玛依油田,117,n
石油,word,石油焦,117,n
石油,word,石油添加剂,117,n
石油,word,石油化工技术,117,n
石油,word,石油产品,117,n
石油,word,输油管道,117,n
石油,word,石油金融,117,n
石油,word,石油经济区发展战略,117,n
石油,word,石油对外依存度,117,n
石油,word,数字油田,117,n
石油,word,石油战略储备,117,n
石油,word,石油金融化,117,n
石油,word,石油开采,117,n
石油,word,油田化学品,117,n
石油,word,原油破乳剂,117,n
石油,word,玉门油田,117,n
石油,word,亚洲溢价,117,n
石油,word,原油损耗,117,n
石油,word,原油投资,117,n
石油,word,智慧油田,117,n
石油,word,针状焦,117,n
石油,word,证实油气储量,117,n
石油天然气公司,categories,石油天然气公司标志,117,n
石油天然气公司,categories,石油天然气公司图像,117,n
石油天然气公司,word,埃克森美孚公司,117,n
石油天然气公司,word,奥地利石油天然气集团,117,n
石油天然气公司,word,安然公司,117,n
石油天然气公司,word,阿莫科石油公司,117,n
石油天然气公司,word,阿布扎比穆巴达拉发展公司,117,n
石油天然气公司,word,加拿大Addax石油公司,117,n
石油天然气公司,word,阿纳达科石油公司,117,n
石油天然气公司,word,沙特阿拉伯国家石油公司,117,n
石油天然气公司,word,巴西石油公司,117,n
石油天然气公司,word,标准石油公司,117,n
石油天然气公司,word,波兰国营石油公司,117,n
石油天然气公司,word,北京市燃气集团有限责任公司,117,n
石油天然气公司,word,长庆油田,117,n
石油天然气公司,word,道达尔公司,117,n
石油天然气公司,word,第一能源公司,117,n
石油天然气公司,word,大庆油田有限责任公司,117,n
石油天然气公司,word,东燃通用集团,117,n
石油天然气公司,word,俄罗斯天然气公司,117,n
石油天然气公司,word,俄罗斯卢克公司,117,n
石油天然气公司,word,俄罗斯石油公司,117,n
石油天然气公司,word,俄罗斯秋明英国石油控股公司,117,n
石油天然气公司,word,Enterprise Products Partners公司,117,n
石油天然气公司,word,芬兰耐思特石油公司,117,n
石油天然气公司,word,富腾工程有限公司,117,n
石油天然气公司,word,福佳集团有限公司,117,n
石油天然气公司,word,福建联合石油化工有限公司,117,n
石油天然气公司,word,哥伦比亚国家石油公司,117,n
石油天然气公司,word,高浦能源,117,n
石油天然气公司,word,韩国SK集团,117,n
石油天然气公司,word,荷兰GasTerra能源公司,117,n
石油天然气公司,word,赫斯基能源,117,n
石油天然气公司,word,横加公司,117,n
石油天然气公司,word,华北油田,117,n
石油天然气公司,word,加拿大能源公司,117,n
石油天然气公司,word,加拿大石油公司,117,n
石油天然气公司,word,加德士,117,n
石油天然气公司,word,JX控股公司,117,n
石油天然气公司,word,加美润滑油集团,117,n
石油天然气公司,word,康菲石油公司,117,n
石油天然气公司,word,克尔－麦吉公司,117,n
石油天然气公司,word,利安德巴塞尔工业,117,n
石油天然气公司,word,辽河油田,117,n
石油天然气公司,word,利华益集团股份有限公司,117,n
石油天然气公司,word,墨西哥石油公司,117,n
石油天然气公司,word,美国太阳石油公司,117,n
石油天然气公司,word,美国杜克能源公司,117,n
石油天然气公司,word,美国马拉松石油公司,117,n
石油天然气公司,word,马来西亚石油公司,117,n
石油天然气公司,word,美国瓦莱罗能源公司,117,n
石油天然气公司,word,美国哈利伯顿公司,117,n
石油天然气公司,word,美国特索罗石油公司,117,n
石油天然气公司,word,美国西方石油公司,117,n
石油天然气公司,word,美国阿美拉达赫斯公司,117,n
石油天然气公司,word,美国道明尼资源公司,117,n
石油天然气公司,word,美国联合能源公司,117,n
石油天然气公司,word,美国克洛斯提柏石油公司,117,n
石油天然气公司,word,美国亚什兰集团,117,n
石油天然气公司,word,美国胜牌石油化工公司,117,n
石油天然气公司,word,美国加德士石油公司,117,n
石油天然气公司,word,美国德士古公司,117,n
石油天然气公司,word,美国埃克森公司,117,n
石油天然气公司,word,美国汉诺威公司,117,n
石油天然气公司,word,美国菲利普斯石油公司,117,n
石油天然气公司,word,美国大西洋里奇菲尔德公司,117,n
石油天然气公司,word,美国墨菲石油公司,117,n
石油天然气公司,word,美国贝克休斯公司,117,n
石油天然气公司,word,美国优尼科公司,117,n
石油天然气公司,word,美国国民油井华高公司,117,n
石油天然气公司,word,美国阿帕奇公司,117,n
石油天然气公司,word,美国戴文能源公司,117,n
石油天然气公司,word,美国诺布尔钻井公司,117,n
石油天然气公司,word,挪威石油公司,117,n
石油天然气公司,word,南非萨索尔公司,117,n
石油天然气公司,word,能源传输公司,117,n
石油天然气公司,word,切萨皮克能源公司,117,n
石油天然气公司,word,日本出光兴产株式会社,117,n
石油天然气公司,word,日本科斯莫石油公司,117,n
石油天然气公司,word,斯伦贝谢公司,117,n
石油天然气公司,word,苏尔古特石油天然气股份公司,117,n
石油天然气公司,word,森科能源公司,117,n
石油天然气公司,word,胜利油田,117,n
石油天然气公司,word,山东金诚石化集团有限公司,117,n
石油天然气公司,word,Snam Rete Gas,117,n
石油天然气公司,word,泰国国家石油公司,117,n
石油天然气公司,word,台湾中油股份有限公司,117,n
石油天然气公司,word,台塑石化股份有限公司,117,n
石油天然气公司,word,Transocean公司,117,n
石油天然气公司,word,委内瑞拉石油公司,117,n
石油天然气公司,word,伍德塞德石油公司,117,n
石油天然气公司,word,雪佛龙公司,117,n
石油天然气公司,word,西班牙雷普索尔YPF公司,117,n
石油天然气公司,word,西班牙石油公司,117,n
石油天然气公司,word,新日本石油公司,117,n
石油天然气公司,word,西伯利亚石油公司,117,n
石油天然气公司,word,西班牙天然气公司,117,n
石油天然气公司,word,英荷壳牌集团,117,n
石油天然气公司,word,英国石油公司,117,n
石油天然气公司,word,意大利埃尼集团,117,n
石油天然气公司,word,印度石油公司,117,n
石油天然气公司,word,英国森特理克集团,117,n
石油天然气公司,word,印度瑞来斯实业公司,117,n
石油天然气公司,word,印度石油天然气公司,117,n
石油天然气公司,word,印度巴拉特石油公司,117,n
石油天然气公司,word,印度斯坦石油公司,117,n
石油天然气公司,word,英国天然气集团,117,n
石油天然气公司,word,依欧格资源公司,117,n
石油天然气公司,word,中国石油化工股份有限公司,117,n
石油天然气公司,word,中国石油集团,117,n
石油天然气公司,word,中国海洋石油总公司,117,n
石油天然气公司,word,中国海洋石油有限公司,117,n
石油天然气公司,word,昭和电工,117,n
石油天然气公司,word,中国航空油料集团公司,117,n
石油天然气公司,word,昭和壳牌石油公司,117,n
石油天然气公司,word,中原油田,117,n
石油天然气公司,word,中石化石油工程技术服务股份有限公司,117,n
能源采矿公司,categories,能源采矿公司标志,117,n
能源采矿公司,word,巴里克黄金公司,117,n
能源采矿公司,word,北京建龙重工集团有限公司,117,n
能源采矿公司,word,重庆市能源投资集团公司,117,n
能源采矿公司,word,CMS能源,117,n
能源采矿公司,word,德国莱茵集团,117,n
能源采矿公司,word,德国弗朗茨海涅尔集团,117,n
能源采矿公司,word,俄罗斯诺里尔斯克镍公司,117,n
能源采矿公司,word,法国燃气苏伊士集团,117,n
能源采矿公司,word,福建省能源集团有限责任公司,117,n
能源采矿公司,word,广东振戎能源有限公司,117,n
能源采矿公司,word,荷兰辉固国际集团,117,n
能源采矿公司,word,黑龙江龙煤矿业控股集团有限责任公司,117,n
能源采矿公司,word,鸿商产业控股集团,117,n
能源采矿公司,word,极地黄金公司,117,n
能源采矿公司,word,江西铜业,117,n
能源采矿公司,word,加拿大Goldcorp公司,117,n
能源采矿公司,word,嘉能可国际,117,n
能源采矿公司,word,冀中能源集团,117,n
能源采矿公司,word,金川集团,117,n
能源采矿公司,word,开滦(集团)有限责任公司,117,n
能源采矿公司,word,山东能源集团有限公司,117,n
能源采矿公司,word,潞安集团,117,n
能源采矿公司,word,皇明太阳能集团,117,n
能源采矿公司,word,美国自由港迈克墨伦铜金矿公司,117,n
能源采矿公司,word,墨西哥集团,117,n
能源采矿公司,word,美国太阳城公司,117,n
能源采矿公司,word,纽蒙特矿业公司,117,n
能源采矿公司,word,佩诺尔斯工业公司,117,n
能源采矿公司,word,日本新日矿集团,117,n
能源采矿公司,word,3M公司,117,n
能源采矿公司,word,苏伊士集团,117,n
能源采矿公司,word,神华集团,117,n
能源采矿公司,word,山西焦煤集团有限责任公司,117,n
能源采矿公司,word,山西阳泉煤业(集团)有限责任公司,117,n
能源采矿公司,word,山西煤炭进出口集团有限公司,117,n
能源采矿公司,word,山西省国新能源发展集团有限公司,117,n
能源采矿公司,word,沈阳煤业(集团)有限责任公司,117,n
能源采矿公司,word,晋能集团,117,n
能源采矿公司,word,天津能源投资集团有限公司,117,n
能源采矿公司,word,皖北煤电集团有限责任公司,117,n
能源采矿公司,word,万基控股集团有限公司,117,n
能源采矿公司,word,新汶矿业集团有限责任公司,117,n
能源采矿公司,word,协鑫集团控股有限公司,117,n
能源采矿公司,word,英美资源集团,117,n
能源采矿公司,word,英国斯特拉塔公司,117,n
能源采矿公司,word,伊顿公司,117,n
能源采矿公司,word,兖州煤业股份有限公司,117,n
能源采矿公司,word,中国五矿集团公司,117,n
能源采矿公司,word,紫金矿业,117,n
能源采矿公司,word,中矿资源勘探股份有限公司,117,n
能源采矿公司,word,中国华信能源有限公司,117,n
能源采矿公司,word,中国平煤神马集团,117,n
能源采矿公司,word,浙江省能源集团有限公司,117,n
能源采矿公司,word,郑煤集团,117,n
能源采矿公司,word,中国黄金集团,117,n
能源,categories,石油天然气公司,118,n
能源,categories,石油,118,n
能源,categories,天然气,118,n
能源,word,生物质能,118,n
能源,word,商品能源,118,n
能源,word,水力资源开发程度,118,n
能源,word,剩余可采储量,118,n
能源,word,瘦煤,118,n
能源,word,石油焦,118,n
能源,word,石油炼制品,118,n
能源,word,水煤浆,118,n
能源,word,石煤,118,n
能源,word,水资源,118,n
能源,word,生物资源,118,n
能源,word,生物柴油,118,n
能源,word,生质能源,118,n
能源,word,生物燃料,118,n
能源,word,天然气,118,n
能源,word,太阳能,118,n
能源,word,风能,118,n
能源,word,太阳能电池,118,n
能源,word,太阳能光伏发电系统,118,n
能源,word,替代能源,118,n
能源,word,探明储量,118,n
能源,word,天然焦,118,n
能源,word,天然气产量,118,n
能源,word,替代能源储备,118,n
能源,word,梯级水电开发,118,n
能源,word,无烟煤,118,n
能源,word,无碳能源,118,n
能源,word,无污染燃料,118,n
能源,word,洗精煤,118,n
能源,word,型煤,118,n
能源,word,新能源材料,118,n
能源,word,西气东输,118,n
能源,word,西煤东运,118,n
能源,word,新能源产业补贴,118,n
能源,word,现代能源体系,118,n
能源,word,原煤,118,n
能源,word,一次能源,118,n
能源,word,一次能源生产量,118,n
能源,word,有用能源,118,n
能源,word,盐差能,118,n
能源,word,有效利用能量,118,n
能源,word,液体能源,118,n
能源,word,烟煤,118,n
能源,word,原煤产量,118,n
能源,word,原油产量,118,n
能源,word,原油炼制,118,n
能源,word,液化石油气,118,n
能源,word,油田气,118,n
能源,word,原油,118,n
能源,word,页岩气,118,n
能源,word,一挂三控措施,118,n
能源,word,隐含能源,118,n
能源,word,优质能源,118,n
能源,word,石油现货市场,118,n
能源,word,页岩气革命,118,n
能源,word,液化天然气,118,n
能源,word,总量目标制度,118,n
能源,word,终端能源,118,n
能源,word,终端能源消费,118,n
能源,word,直接节能,118,n
能源,word,针状焦,118,n
能源,word,智慧能源,118,n
能源,word,自然资源价格,118,n
能源,word,自由能源,118,n
天然气,word,液化天然气,117,n
天然气,word,证实油气储量,117,n
parent,cat,word,word_level,pos
,,管理百科,120,n
,,经济百科,120,n
,,金融百科,120,n
,,法律百科,120,n
,,行业百科,120,n
行业百科,categories,家电,119,n
,,综合条目,120,n
家电,categories,家电零售,118,n
家电,categories,消费电子家电公司,118,n
家电,word,家电,118,n
家电,word,白电,118,n
家电,word,变频技术,118,n
家电,word,CRT显示器,118,n
家电,word,电器,118,n
家电,word,等离子显示器,118,n
家电,word,多媒体电视,118,n
家电,word,待机能耗,118,n
家电,word,额定功率,118,n
家电,word,分辨率,118,n
家电,word,黑电,118,n
家电,word,家电下乡,118,n
家电,word,家电物流,118,n
家电,word,家庭影院,118,n
家电,word,空调运行能耗,118,n
家电,word,空调匹数,118,n
家电,word,能效标识,118,n
家电,word,能耗,118,n
家电,word,能源效率等级,118,n
家电,word,能效比,118,n
家电,word,强制性能效标准,118,n
家电,word,数字电视,118,n
家电,word,网络家电,118,n
家电,word,信息家电,118,n
家电,word,小家电,118,n
家电,word,性能系数,118,n
家电,word,液晶显示器,118,n
家电,word,液晶电视,118,n
家电,word,云电视,118,n
家电,word,智能家电,118,n
消费电子家电公司,categories,消费电子家电公司标志,117,n
消费电子家电公司,word,澳柯玛集团,117,n
消费电子家电公司,word,奥克斯集团,117,n
消费电子家电公司,word,阿里斯顿公司,117,n
消费电子家电公司,word,波导股份有限公司,117,n
消费电子家电公司,word,百富勤集团有限公司,117,n
消费电子家电公司,word,北京华旗资讯数码科技发展有限公司,117,n
消费电子家电公司,word,北京电子控股有限责任公司,117,n
消费电子家电公司,word,步步高集团,117,n
消费电子家电公司,word,长虹集团,117,n
消费电子家电公司,word,创维集团,117,n
消费电子家电公司,word,春兰集团,117,n
消费电子家电公司,word,东芝集团,117,n
消费电子家电公司,word,飞利浦电子公司,117,n
消费电子家电公司,word,法国汤姆逊公司,117,n
消费电子家电公司,word,法国爱可视股份有限公司,117,n
消费电子家电公司,word,格兰仕,117,n
消费电子家电公司,word,格力集团,117,n
消费电子家电公司,word,格力电器,117,n
消费电子家电公司,word,冠捷科技集团,117,n
消费电子家电公司,word,广东美的电器股份有限公司,117,n
消费电子家电公司,word,海尔集团,117,n
消费电子家电公司,word,海信集团,117,n
消费电子家电公司,word,华阳集团有限公司,117,n
消费电子家电公司,word,红星美凯龙家居集团股份有限公司,117,n
消费电子家电公司,word,海翼股份,117,n
消费电子家电公司,word,华帝股份有限公司,117,n
消费电子家电公司,word,JVC,117,n
消费电子家电公司,word,江苏春兰制冷设备股份有限公司,117,n
消费电子家电公司,word,康佳集团,117,n
消费电子家电公司,word,科龙集团,117,n
消费电子家电公司,word,LG集团,117,n
消费电子家电公司,word,美国惠而浦公司,117,n
消费电子家电公司,word,美的集团,117,n
消费电子家电公司,word,美菱公司,117,n
消费电子家电公司,word,美泰克公司,117,n
消费电子家电公司,word,日立集团,117,n
消费电子家电公司,word,索尼公司,117,n
消费电子家电公司,word,松下公司,117,n
消费电子家电公司,word,三星集团,117,n
消费电子家电公司,word,索尼爱立信移动通信公司,117,n
消费电子家电公司,word,实达集团,117,n
消费电子家电公司,word,斯米克集团,117,n
消费电子家电公司,word,土耳其KOC集团,117,n
消费电子家电公司,word,TCL集团,117,n
消费电子家电公司,word,万利达集团,117,n
消费电子家电公司,word,西门子公司,117,n
消费电子家电公司,word,夏普,117,n
消费电子家电公司,word,夏新电子股份有限公司,117,n
消费电子家电公司,word,小天鹅股份有限公司,117,n
消费电子家电公司,word,新美亚电子制造服务公司,117,n
消费电子家电公司,word,新飞集团,117,n
消费电子家电公司,word,新飞电器,117,n
消费电子家电公司,word,新科公司,117,n
消费电子家电公司,word,伊莱克斯公司,117,n
消费电子家电公司,word,燕舞集团,117,n
消费电子家电公司,word,中达电通股份有限公司,117,n
家电零售,word,Argos,117,n
家电零售,word,百思买集团,117,n
家电零售,word,大中电器,117,n
家电零售,word,国美电器有限公司,117,n
家电零售,word,宏图三胞高科技术股份有限公司,117,n
家电零售,word,美国电路城公司,117,n
家电零售,word,日本山田电机,117,n
家电零售,word,苏宁电器,117,n
家电零售,word,苏宁易购,117,n
家电零售,word,五星电器公司,117,n
家电零售,word,英国翠丰集团,117,n
家电零售,word,永乐,117,n
parent,cat,word,word_level,pos
,,管理百科,120,n
管理百科,categories,电子商务,119,n
,,经济百科,120,n
,,金融百科,120,n
,,法律百科,120,n
,,行业百科,120,n
行业百科,categories,电子商务,119,n
行业百科,categories,房地产,119,n
行业百科,categories,金融投资,119,n
,,综合条目,120,n
电子商务,categories,电子商务图像,118,n
电子商务,categories,电子政务,118,n
电子商务,word,电子商务,118,n
电子商务,word,AMC模式,118,n
电子商务,word,B2C,118,n
电子商务,word,B2B,118,n
电子商务,word,BAB,118,n
电子商务,word,B2B2C,118,n
电子商务,word,B2M,118,n
电子商务,word,D2C,118,n
电子商务,word,B2S,118,n
电子商务,word,比特税,118,n
电子商务,word,保险电子商务,118,n
电子商务,word,BUC平台,118,n
电子商务,word,比较购物网站,118,n
电子商务,word,B2F,118,n
电子商务,word,B2B2B,118,n
电子商务,word,百草味,118,n
电子商务,word,C2C,118,n
电子商务,word,CA中心,118,n
电子商务,word,C2B,118,n
电子商务,word,C2B2S模式,118,n
电子商务,word,垂直电子商务,118,n
电子商务,word,餐饮O2O,118,n
电子商务,word,C2M,118,n
电子商务,word,诚信网站认证,118,n
电子商务,word,炒信,118,n
电子商务,word,C2C2B,118,n
电子商务,word,C2B2C,118,n
电子商务,word,电子钱包,118,n
电子商务,word,电子交易,118,n
电子商务,word,电子拍卖,118,n
电子商务,word,电子商务师,118,n
电子商务,word,第四方商务,118,n
电子商务,word,电子货币,118,n
电子商务,word,电子商务系统,118,n
电子商务,word,电子商务环境,118,n
电子商务,word,电子贸易,118,n
电子商务,word,电子协作,118,n
电子商务,word,电子缴税,118,n
电子商务,word,电子商务站点,118,n
电子商务,word,电子商务管理,118,n
电子商务,word,电子商务3.0,118,n
电子商务,word,电话钱包,118,n
电子商务,word,电子商务项目,118,n
电子商务,word,电子商务解决方案,118,n
电子商务,word,电子消费,118,n
电子商务,word,电子商务采购,118,n
电子商务,word,电子税务,118,n
电子商务,word,电子商务托管,118,n
电子商务,word,社区电子商务,118,n
电子商务,word,电子商务服务业,118,n
电子商务,word,电子商务服务业集群,118,n
电子商务,word,电子经纪人,118,n
电子商务,word,电子商务外包,118,n
电子商务,word,电子零售,118,n
电子商务,word,电子商务技术,118,n
电子商务,word,电子商业汇票,118,n
电子商务,word,电子客票,118,n
电子商务,word,电子零售系统,118,n
电子商务,word,电子商务法,118,n
电子商务,word,多媒体电子商务,118,n
电子商务,word,电子商务网站,118,n
电子商务,word,电子商务平台,118,n
电子商务,word,第三方电子商务平台,118,n
电子商务,word,独立商城,118,n
电子商务,word,电子商务模式,118,n
电子商务,word,电子商务税收,118,n
电子商务,word,动态电子商务,118,n
电子商务,word,电子服务质量,118,n
电子商务,word,电子商务立法,118,n
电子商务,word,电子商务企业集群注册,118,n
电子商务,word,电子商务诚信,118,n
电子商务,word,电子商务系统分析,118,n
电子商务,word,电商生态系统,118,n
电子商务,word,电子商务安全,118,n
电子商务,word,代理盲签名,118,n
电子商务,word,电子商务发展指数,118,n
电子商务,word,电子商务代运营,118,n
电子商务,word,电子商城,118,n
电子商务,word,电商金融,118,n
电子商务,word,电子商务策略,118,n
电子商务,word,电子商务物流技术,118,n
电子商务,word,多属策略,118,n
电子商务,word,电子商务专利,118,n
电子商务,word,大宗商品电子交易,118,n
电子商务,word,电商时代,118,n
电子商务,word,电子签字,118,n
电子商务,word,电子商务经济体,118,n
电子商务,word,电子商务化,118,n
电子商务,word,订单转化率,118,n
电子商务,word,订单协同,118,n
电子商务,word,电商直播,118,n
电子商务,word,EDI,118,n
电子商务,word,恶意差评,118,n
电子商务,word,E-WTP,118,n
电子商务,word,服务商品电子商务,118,n
电子商务,word,非接触式智能卡,118,n
电子商务,word,非加密存储器卡,118,n
电子商务,word,非金融卡,118,n
电子商务,word,服务机构电子商务网站,118,n
电子商务,word,F2O电子商务模式,118,n
电子商务,word,F2C,118,n
电子商务,word,反向O2O,118,n
电子商务,word,飞猪,118,n
电子商务,word,国际结算电子化,118,n
电子商务,word,顾客主导型电子商务模式,118,n
电子商务,word,公钥基础设施,118,n
电子商务,word,国际电子商务系统,118,n
电子商务,word,光卡,118,n
电子商务,word,功能等同原则,118,n
电子商务,word,GMV,118,n
电子商务,word,合作型商务,118,n
电子商务,word,HTTP协议,118,n
电子商务,word,会展电子商务,118,n
电子商务,word,行业电子商务网站,118,n
电子商务,word,海外购物,118,n
电子商务,word,后电商时代,118,n
电子商务,word,间接电子商务,118,n
电子商务,word,金卡工程,118,n
电子商务,word,金桥工程,118,n
电子商务,word,金关工程,118,n
电子商务,word,接触式智能卡,118,n
电子商务,word,加密存储器卡,118,n
电子商务,word,金融卡,118,n
电子商务,word,基本型商务网站,118,n
电子商务,word,技术中立原则,118,n
电子商务,word,金字工程,118,n
电子商务,word,聚划算,118,n
电子商务,word,客户认证,118,n
电子商务,word,框计算,118,n
电子商务,word,跨境电子商务,118,n
电子商务,word,客户服务型电子商务网站,118,n
电子商务,word,可信时间戳,118,n
电子商务,word,考拉海购,118,n
电子商务,word,旅游电子商务,118,n
电子商务,word,流通型商务网站,118,n
电子商务,word,M2M,118,n
电子商务,word,M2C,118,n
电子商务,word,媒体电商化,118,n
电子商务,word,盲签名,118,n
电子商务,word,农业电子商务,118,n
电子商务,word,农村电子商务,118,n
电子商务,word,内容电商,118,n
电子商务,word,O2O营销模式,118,n
电子商务,word,O2P营销模式,118,n
电子商务,word,O2C,118,n
电子商务,word,P2P互动营销,118,n
电子商务,word,P2P电子商务,118,n
电子商务,word,拍码购物,118,n
电子商务,word,P2G,118,n
电子商务,word,平台竞争,118,n
电子商务,word,平台交叉驱逐,118,n
电子商务,word,企业内部电子商务,118,n
电子商务,word,全程电子商务模式,118,n
电子商务,word,全球电子商务,118,n
电子商务,word,软件定义网络,118,n
电子商务,word,SET协议,118,n
电子商务,word,SSL协议,118,n
电子商务,word,数字钱包,118,n
电子商务,word,数字签名,118,n
电子商务,word,SaaS,118,n
电子商务,word,数字证书,118,n
电子商务,word,社会化电子商务,118,n
电子商务,word,生鲜电商,118,n
电子商务,word,生产型商务网站,118,n
电子商务,word,电子商务流程再造,118,n
电子商务,word,S2C营销模式,118,n
电子商务,word,时间戳,118,n
电子商务,word,时间戳协议,118,n
电子商务,word,社区O2O,118,n
电子商务,word,沙集模式,118,n
电子商务,word,数字服务税,118,n
电子商务,word,社交电商,118,n
电子商务,word,铁路电子商务,118,n
电子商务,word,T2O电子商务模式,118,n
电子商务,word,谈判支持系统,118,n
电子商务,word,淘宝转化率,118,n
电子商务,word,淘票票,118,n
电子商务,word,V币,118,n
电子商务,word,网上购物,118,n
电子商务,word,网上订阅模式,118,n
电子商务,word,物联网,118,n
电子商务,word,网上商城系统,118,n
电子商务,word,网上销售,118,n
电子商务,word,网上购物车,118,n
电子商务,word,Work2.0,118,n
电子商务,word,完全电子商务运作型网站,118,n
电子商务,word,微店,118,n
电子商务,word,网络经纪,118,n
电子商务,word,微商,118,n
电子商务,word,网络代理商,118,n
电子商务,word,网上技术交易市场,118,n
电子商务,word,虚拟社群,118,n
电子商务,word,X2X模式,118,n
电子商务,word,小额支付业务,118,n
电子商务,word,协同电子商务,118,n
电子商务,word,宣传型电子商务网站,118,n
电子商务,word,虚拟品牌社区,118,n
电子商务,word,虚拟物流电子商务信息服务平台,118,n
房地产,categories,房地产公司,118,n
房地产,categories,房产类型,118,n
房地产,word,房地产,118,n
房地产,word,安居定期险,118,n
房地产,word,标定地价,118,n
房地产,word,标准宗地,118,n
房地产,word,不动产负担,118,n
房地产,word,不动产权益,118,n
房地产,word,半成本租金,118,n
房地产,word,标准租金,118,n
房地产,word,补地价,118,n
房地产,word,搬迁补助费,118,n
房地产,word,标准绿色住宅,118,n
房地产,word,办公空间规划,118,n
房地产,word,办公辅助空间,118,n
房地产,word,不动产估价,118,n
房地产,word,不动产价格,118,n
房地产,word,不动产估价师,118,n
房地产,word,标准房屋法,118,n
房地产,word,暴力拆迁,118,n
房地产,word,被上楼,118,n
房地产,word,被动房,118,n
房地产,word,拆迁,118,n
房地产,word,重置价格,118,n
房地产,word,重复销售定价技术,118,n
房地产,word,诚意金,118,n
房地产,word,创意地产,118,n
房地产,word,拆迁补偿,118,n
房地产,word,拆迁安置费,118,n
房地产,word,产业地产,118,n
房地产,word,产权证书,118,n
房地产,word,层高,118,n
房地产,word,城市住宅市场,118,n
房地产,word,成本租金,118,n
房地产,word,成新折扣法,118,n
房地产,word,拆迁户,118,n
房地产,word,拆迁人,118,n
房地产,word,拆迁期限,118,n
房地产,word,城市居住区,118,n
房地产,word,强制拆迁,118,n
房地产,word,城市综合体,118,n
房地产,word,出租价,118,n
房地产,word,成套住宅建筑面积,118,n
房地产,word,错层住宅,118,n
房地产,word,城市基础设施配套费,118,n
房地产,word,城市规划,118,n
房地产,word,车位配比率,118,n
房地产,word,城市土地收购储备制度,118,n
房地产,word,城中村,118,n
房地产,word,城市绅士化,118,n
房地产,word,城市土地,118,n
房地产,word,存量土地盘活,118,n
房地产,word,城市紫线,118,n
房地产,word,存量房地产,118,n
房地产,word,存量规划,118,n
房地产,word,城市地价动态监测,118,n
房地产,word,重建价格,118,n
房地产,word,重置价格折旧法,118,n
房地产,word,产权负担,118,n
房地产,word,存量建设用地,118,n
房地产,word,传统邻里开发,118,n
房地产,word,差别化住房信贷政策,118,n
房地产,word,炒房,118,n
房地产,word,城市建筑短命症,118,n
房地产,word,吃差价,118,n
房地产,word,城市设计,118,n
房地产,word,城市新区,118,n
房地产,word,城市绿地,118,n
房地产,word,产权式商铺,118,n
房地产,word,拆迁补偿安置协议,118,n
房地产,word,初始登记,118,n
房地产,word,长租公寓,118,n
房地产,word,代建工程,118,n
房地产,word,地价房价比,118,n
房地产,word,典当房屋回赎期限,118,n
房地产,word,抵押物价格风险,118,n
房地产,word,单位比较法,118,n
房地产,word,分部分项法,118,n
房地产,word,成本指数法,118,n
房地产,word,地面价,118,n
房地产,word,单位产权房,118,n
房地产,word,地王,118,n
房地产,word,得房率,118,n
房地产,word,地产股,118,n
房地产,word,地产业,118,n
房地产,word,地籍,118,n
房地产,word,地籍管理,118,n
房地产,word,大盘地产,118,n
房地产,word,地票,118,n
房地产,word,低碳房地产,118,n
房地产,word,道路红线,118,n
房地产,word,定级指数模型法,118,n
房地产,word,地王效应,118,n
房地产,word,地产市场,118,n
房地产,word,地皮,118,n
房地产,word,动迁房买卖,118,n
房地产,word,二手房抵押贷款,118,n
房地产,word,二房东,118,n
房地产,word,二书,118,n
房地产,word,二手房网签,118,n
房地产,word,二套房贷款,118,n
房地产,word,房地产成本,118,n
房地产,word,房地产投资风险,118,n
房地产,word,房地产投资,118,n
房地产,word,房地产投资决策,118,n
房地产,word,房地产企业,118,n
房地产,word,房地产价格,118,n
房地产,word,房地产需求,118,n
房地产,word,房地产供给,118,n
房地产,word,房产市场,118,n
房地产,word,房地产评估,118,n
房地产,word,房地产抵押,118,n
房地产,word,房地产典当,118,n
房地产,word,房地产开发成本,118,n
房地产,word,房价收入比,118,n
房地产,word,房价增长率与GDP增长率比值,118,n
房地产,word,房地产转换,118,n
房地产,word,房地产开发企业,118,n
房地产,word,房地产开发经营,118,n
房地产,word,房地产开发,118,n
房地产,word,房价成本公开,118,n
房地产,word,房价租金比,118,n
房地产,word,房地产档案,118,n
房地产,word,房地产金融风险,118,n
房地产,word,房价泡沫,118,n
房地产,word,房地产租赁,118,n
房地产,word,房地产权属登记,118,n
房地产,word,房地产交易,118,n
房地产,word,房地产交易市场,118,n
房地产,word,房地产转让,118,n
房地产,word,房地产中介服务机构,118,n
房地产,word,房地产拍卖,118,n
房地产,word,房地产经纪人,118,n
房地产,word,房屋预售,118,n
房地产,word,房地产营销,118,n
房地产,word,房地产策划,118,n
房地产,word,房地产项目融资,118,n
房地产,word,房地产法,118,n
房地产,word,房地产委托贷款,118,n
房地产,word,房产开发项目贷款,118,n
房地产,word,房地产经营贷款,118,n
房地产,word,房屋开发贷款,118,n
房地产,word,房产开发经营贷款,118,n
房地产,word,房地产长期投资策略,118,n
房地产,word,房地产中期投资策略,118,n
房地产,word,房地产短期投资策略,118,n
房地产,word,房产经营贷款,118,n
房地产,word,房契抵押,118,n
房地产,word,房地产抵押债券,118,n
房地产,word,房地产融资,118,n
房地产,word,住宅建设信托,118,n
房地产,word,房地产股票,118,n
房地产,word,房屋出售,118,n
房地产,word,房地产信贷,118,n
房地产,word,房产交易,118,n
房地产,word,房地产金融机构,118,n
房地产,word,房地产销售,118,n
房地产,word,房屋赠与,118,n
房地产,word,房屋代管,118,n
房地产,word,房地产统计分析,118,n
房地产,word,房屋产权,118,n
房地产,word,房屋产权证书,118,n
房地产,word,房屋所有权登记,118,n
房地产,word,房地产违法行为,118,n
房地产,word,房地产买卖合同,118,n
房地产,word,房地产抵押合同,118,n
房地产,word,房地产抵押登记,118,n
房地产,word,房地产中介服务,118,n
房地产,word,房地产赠与合同,118,n
房地产,word,房屋维修,118,n
房地产,word,房屋维修管理,118,n
房地产,word,房屋完损等级,118,n
房地产,word,房地产市场管理,118,n
房地产,word,房地产价格政策,118,n
房地产,word,房地产价格管理,118,n
房地产,word,房屋买卖管理,118,n
房地产,word,房屋租赁管理,118,n
房地产,word,房地产评估机构,118,n
房地产,word,房地产经纪机构,118,n
房地产,word,房地产交易所,118,n
房地产,word,房地产测绘,118,n
房地产,word,房地产资金,118,n
房地产,word,房地产市场调查,118,n
房地产,word,房地产企业投资,118,n
房地产,word,房屋出租率,118,n
房地产,word,房产测量,118,n
房地产,word,房地产财务,118,n
房地产,word,房地产市场预测,118,n
房地产,word,房地产项目投资,118,n
房地产,word,房地产资金运动,118,n
房地产,word,房地产绿色营销,118,n
房地产,word,房地产网络营销,118,n
房地产,word,房屋估值,118,n
房地产,word,房地产促销,118,n
房地产,word,房地产促销组合,118,n
房地产,word,房地产营业推广,118,n
房地产,word,房地产广告预算,118,n
房地产,word,房地产公共关系,118,n
房地产,word,房地产市场营销计划,118,n
房地产,word,房地产营销审计,118,n
电子政务,word,电子政务,117,n
电子政务,word,B2G,117,n
电子政务,word,C2G,117,n
电子政务,word,政府2.0,117,n
电子政务,word,电子政务外包,117,n
电子政务,word,电子政务运维费,117,n
电子政务,word,电子政务运维管理,117,n
电子政务,word,电子政务运行机制,117,n
电子政务,word,电子政务绩效,117,n
电子政务,word,电子政务绩效评估,117,n
电子政务,word,电子政务顶层设计,117,n
电子政务,word,电子政务规划,117,n
电子政务,word,电子政务标准化,117,n
电子政务,word,电子档案管理系统,117,n
电子政务,word,电子政务信息资源共享,117,n
电子政务,word,电子港务,117,n
电子政务,word,电子企务,117,n
电子政务,word,电子档案,117,n
电子政务,word,电子文件,117,n
电子政务,word,电子政务外网,117,n
电子政务,word,电子政务内网,117,n
电子政务,word,电子政务系统,117,n
电子政务,word,G2G,117,n
电子政务,word,G2B,117,n
电子政务,word,G2C,117,n
电子政务,word,G2E,117,n
电子政务,word,互联网+政务服务,117,n
电子政务,word,金质工程,117,n
电子政务,word,金宏工程,117,n
电子政务,word,金保工程,117,n
电子政务,word,金卫工程,117,n
电子政务,word,金贸工程,117,n
电子政务,word,金农工程,117,n
电子政务,word,金智工程,117,n
电子政务,word,金水工程,117,n
电子政务,word,金信工程,117,n
电子政务,word,金土工程,117,n
电子政务,word,金交工程,117,n
电子政务,word,金盾工程,117,n
电子政务,word,金企工程,117,n
电子政务,word,僵尸网站,117,n
电子政务,word,电子政务审计,117,n
电子政务,word,三网一库,117,n
电子政务,word,新网工程,117,n
电子政务,word,移动电子政务,117,n
电子政务,word,政府采购电子化,117,n
电子政务,word,职能鉴定,117,n
电子政务,word,智慧政府,117,n
电子商务,categories,支付系统,118,n
电子商务,categories,支付方式,118,n
电子商务,word,虚拟社群,118,n
电子商务,word,X2X模式,118,n
电子商务,word,小额支付业务,118,n
电子商务,word,协同电子商务,118,n
电子商务,word,宣传型电子商务网站,118,n
电子商务,word,虚拟品牌社区,118,n
电子商务,word,虚拟物流电子商务信息服务平台,118,n
电子商务,word,虚拟商圈,118,n
电子商务,word,校园电子商务,118,n
电子商务,word,新五通一平,118,n
电子商务,word,信用炒作,118,n
电子商务,word,行云工程,118,n
电子商务,word,移动电子商务,118,n
电子商务,word,云计算,118,n
电子商务,word,云媒体,118,n
电子商务,word,远程国内电子商务,118,n
电子商务,word,语音电子商务,118,n
电子商务,word,移动购物,118,n
电子商务,word,药品电子商务,118,n
电子商务,word,移动旅游电子商务,118,n
电子商务,word,移动商圈,118,n
电子商务,word,智能卡,118,n
电子商务,word,直接电子商务,118,n
电子商务,word,中国电子商务职业经理人,118,n
电子商务,word,在线中介,118,n
电子商务,word,本地电子商务,118,n
电子商务,word,支付网关,118,n
电子商务,word,在线纠纷解决机制,118,n
电子商务,word,政府电子商务网站,118,n
电子商务,word,在线电子商务谈判,118,n
电子商务,word,电子商务仓储物流,118,n
电子商务,word,支付业务许可证,118,n
电子商务,word,智能谈判系统,118,n
房产类型,word,安置房,117,n
房产类型,word,安居工程住房,117,n
房产类型,word,按份共有房产,117,n
房产类型,word,别墅,117,n
房产类型,word,板楼,117,n
房产类型,word,半地下室,117,n
房产类型,word,保障性住房,117,n
房产类型,word,不可售公房,117,n
房产类型,word,别墅地产,117,n
房产类型,word,仓库,117,n
房产类型,word,产权调换,117,n
房产类型,word,成套住宅,117,n
房产类型,word,存量房,117,n
房产类型,word,非成套住宅,117,n
房产类型,word,城区住宅,117,n
房产类型,word,长租公寓,117,n
房产类型,word,地下室,117,n
房产类型,word,低层住宅,117,n
房产类型,word,单元式房屋,117,n
房产类型,word,多层住宅,117,n
房产类型,word,单元式高层住宅,117,n
房产类型,word,低碳地产,117,n
房产类型,word,独院式住宅,117,n
房产类型,word,二手房,117,n
房产类型,word,非住宅房产,117,n
房产类型,word,复式住宅,117,n
房产类型,word,房改房,117,n
房产类型,word,单身公寓,117,n
房产类型,word,封闭式办公室,117,n
房产类型,word,公寓,117,n
房产类型,word,工业地产,117,n
房产类型,word,共有产权房,117,n
房产类型,word,高层楼宇,117,n
房产类型,word,高级公寓,117,n
房产类型,word,公有住宅,117,n
房产类型,word,共同共有房产,117,n
房产类型,word,国有房产,117,n
房产类型,word,公用设施用房,117,n
房产类型,word,共有房产,117,n
房产类型,word,高层住宅,117,n
房产类型,word,公租房,117,n
房产类型,word,工作室公寓,117,n
房产类型,word,高尔夫地产,117,n
房产类型,word,棺材房,117,n
房产类型,word,活动房,117,n
房产类型,word,花园别墅,117,n
房产类型,word,会所,117,n
房产类型,word,合作住宅,117,n
房产类型,word,经济适用房,117,n
房产类型,word,解困房,117,n
房产类型,word,集资房,117,n
房产类型,word,集体所有房产,117,n
房产类型,word,经营用房,117,n
房产类型,word,甲级写字楼,117,n
房产类型,word,军产房,117,n
房产类型,word,街区式住宅,117,n
房产类型,word,经济型别墅,117,n
房产类型,word,开放式办公室,117,n
房产类型,word,廉租房,117,n
房产类型,word,旅游房地产,117,n
房产类型,word,LOFT,117,n
房产类型,word,旅游综合体,117,n
房产类型,word,绿色住宅小区,117,n
房产类型,word,老年公寓,117,n
房产类型,word,联排式住宅,117,n
房产类型,word,毛坯房,117,n
房产类型,word,内销房,117,n
房产类型,word,平价房,117,n
房产类型,word,平面式房屋,117,n
房产类型,word,期房,117,n
房产类型,word,群租房,117,n
房产类型,word,清盘房,117,n
房产类型,word,商品房,117,n
房产类型,word,商业地产,117,n
房产类型,word,楼书,117,n
房产类型,word,商业物业,117,n
房产类型,word,私有住宅,117,n
房产类型,word,商品住宅,117,n
房产类型,word,私有房产,117,n
房产类型,word,双景住宅,117,n
房产类型,word,商业用房,117,n
房产类型,word,商住地产,117,n
房产类型,word,商业综合体,117,n
房产类型,word,山地别墅,117,n
房产类型,word,四合院,117,n
房产类型,word,塔楼,117,n
房产类型,word,通廊式住宅,117,n
房产类型,word,体育地产,117,n
房产类型,word,尾房,117,n
房产类型,word,外销房,117,n
房产类型,word,微利房,117,n
房产类型,word,无主房产,117,n
房产类型,word,文化地产,117,n
房产类型,word,限价房,117,n
房产类型,word,小户型,117,n
房产类型,word,小产权房,117,n
房产类型,word,现房,117,n
房产类型,word,写字楼,117,n
房产类型,word,小高层住宅,117,n
房产类型,word,学区房,117,n
房产类型,word,休闲地产,117,n
房产类型,word,休闲农业地产,117,n
房产类型,word,限竞房,117,n
房产类型,word,样板房,117,n
房产类型,word,跃层住宅,117,n
房产类型,word,有限产权房,117,n
房产类型,word,央产房,117,n
房产类型,word,养老地产,117,n
房产类型,word,养老综合体,117,n
房产类型,word,周转房,117,n
房产类型,word,住宅小区,117,n
房产类型,word,准现房,117,n
房产类型,word,自管房产,117,n
房产类型,word,智能化大厦,117,n
房产类型,word,增量房,117,n
房产类型,word,政策性租赁房,117,n
房产类型,word,综合办公楼,117,n
房产类型,word,生产用房,117,n
房产类型,word,主题地产,117,n
房产类型,word,类别墅,117,n
房地产公司,word,碧桂园集团,117,n
房地产公司,word,宝龙集团,117,n
房地产公司,word,北京新恒基集团,117,n
房地产公司,word,北京市华远地产股份有限公司,117,n
房地产公司,word,博思堂,117,n
房地产公司,word,百兴集团有限公司,117,n
房地产公司,word,北京住总集团,117,n
房地产公司,word,长江实业(集团)有限公司,117,n
房地产公司,word,第一太平戴维斯,117,n
房地产公司,word,大华集团,117,n
房地产公司,word,21世纪不动产,117,n
房地产公司,word,富力集团,117,n
房地产公司,word,复星集团,117,n
房地产公司,word,英国Foxtons公司,117,n
房地产公司,word,华润（集团）有限公司,117,n
房地产公司,word,恒大集团,117,n
房地产公司,word,合生创展,117,n
房地产公司,word,华远集团,117,n
房地产公司,word,恒隆地产,117,n
房地产公司,word,江苏华厦融创置地集团有限公司,117,n
房地产公司,word,河北敬业集团,117,n
房地产公司,word,华润置地有限公司,117,n
房地产公司,word,金地集团,117,n
房地产公司,word,均瑶集团,117,n
房地产公司,word,金泰地产,117,n
房地产公司,word,佳兆业集团,117,n
房地产公司,word,金浦集团,117,n
房地产公司,word,凯德置地,117,n
房地产公司,word,绿城集团,117,n
房地产公司,word,龙湖集团,117,n
房地产公司,word,福建正荣集团有限公司,117,n
房地产公司,word,美国普尔特房屋公司,117,n
房地产公司,word,美国霍顿公司,117,n
房地产公司,word,美国莱纳房屋公司,117,n
房地产公司,word,美国桑达克斯公司,117,n
房地产公司,word,美国沃那多房产公司,117,n
房地产公司,word,茂业集团,117,n
房地产公司,word,富邦控股集团有限公司,117,n
房地产公司,word,深圳鹏瑞集团有限公司,117,n
房地产公司,word,融科智地,117,n
房地产公司,word,融信集团,117,n
房地产公司,word,SOHO中国有限公司,117,n
房地产公司,word,三联集团,117,n
房地产公司,word,世茂房地产,117,n
房地产公司,word,三菱地所株式会社,117,n
房地产公司,word,三井不动产株式会社,117,n
房地产公司,word,上海升龙投资集团有限公司,117,n
房地产公司,word,上海鹏欣（集团）有限公司,117,n
房地产公司,word,世纪金源集团,117,n
房地产公司,word,深圳市富源实业（集团）有限公司,117,n
房地产公司,word,时代地产,117,n
房地产公司,word,万科集团,117,n
房地产公司,word,万通地产,117,n
房地产公司,word,万达集团,117,n
房地产公司,word,万向集团,117,n
房地产公司,word,弘阳集团,117,n
房地产公司,word,隆基泰和集团,117,n
房地产公司,word,万达商业地产股份有限公司,117,n
房地产公司,word,香港和记黄埔有限公司,117,n
房地产公司,word,西班牙法罗里奥集团,117,n
房地产公司,word,新鸿基地产集团,117,n
房地产公司,word,厦门建发集团有限公司,117,n
房地产公司,word,新希望集团,117,n
房地产公司,word,新加坡嘉德置地集团,117,n
房地产公司,word,信德集团,117,n
房地产公司,word,香港恒基兆业地产有限公司,117,n
房地产公司,word,新加坡丰隆集团,117,n
房地产公司,word,新世界集团,117,n
房地产公司,word,祥祺集团有限公司,117,n
房地产公司,word,英皇集团,117,n
房地产公司,word,雅居乐地产控股有限公司,117,n
房地产公司,word,尤尼百-洛当科集团,117,n
房地产公司,word,远洋地产,117,n
房地产公司,word,银亿集团,117,n
房地产公司,word,世茂集团,117,n
房地产公司,word,绿地集团,117,n
房地产公司,word,中国冶金科工集团公司,117,n
房地产公司,word,中关村科技,117,n
房地产公司,word,中国保利集团公司,117,n
房地产公司,word,中国泛海,117,n
房地产公司,word,浙江昆仑置业集团,117,n
房地产公司,word,浙江省交通投资集团有限公司,117,n
房地产公司,word,中国远大集团有限责任公司,117,n
房地产公司,word,中天城投,117,n
房地产公司,word,中国海外发展有限公司,117,n
房地产,categories,房地产公司,118,n
房地产,categories,房产类型,118,n
房地产,word,房地产成本,118,n
房地产,word,房地产投资风险,118,n
房地产,word,房地产投资,118,n
房地产,word,房地产投资决策,118,n
房地产,word,房地产企业,118,n
房地产,word,房地产价格,118,n
房地产,word,房地产需求,118,n
房地产,word,房地产供给,118,n
房地产,word,房产市场,118,n
房地产,word,房地产评估,118,n
房地产,word,房地产抵押,118,n
房地产,word,房地产典当,118,n
房地产,word,房地产开发成本,118,n
房地产,word,房价收入比,118,n
房地产,word,房价增长率与GDP增长率比值,118,n
房地产,word,房地产转换,118,n
房地产,word,房地产开发企业,118,n
房地产,word,房地产开发经营,118,n
房地产,word,房地产开发,118,n
房地产,word,房价成本公开,118,n
房地产,word,房价租金比,118,n
房地产,word,房地产档案,118,n
房地产,word,房地产金融风险,118,n
房地产,word,房价泡沫,118,n
房地产,word,房地产租赁,118,n
房地产,word,房地产权属登记,118,n
房地产,word,房地产交易,118,n
房地产,word,房地产交易市场,118,n
房地产,word,房地产转让,118,n
房地产,word,房地产中介服务机构,118,n
房地产,word,房地产拍卖,118,n
房地产,word,房地产经纪人,118,n
房地产,word,房屋预售,118,n
房地产,word,房地产营销,118,n
房地产,word,房地产策划,118,n
房地产,word,房地产项目融资,118,n
房地产,word,房地产法,118,n
房地产,word,房地产委托贷款,118,n
房地产,word,房产开发项目贷款,118,n
房地产,word,房地产经营贷款,118,n
房地产,word,房屋开发贷款,118,n
房地产,word,房产开发经营贷款,118,n
房地产,word,房地产长期投资策略,118,n
房地产,word,房地产中期投资策略,118,n
房地产,word,房地产短期投资策略,118,n
房地产,word,房产经营贷款,118,n
房地产,word,房契抵押,118,n
房地产,word,房地产抵押债券,118,n
房地产,word,房地产融资,118,n
房地产,word,住宅建设信托,118,n
房地产,word,房地产股票,118,n
房地产,word,房屋出售,118,n
房地产,word,房地产信贷,118,n
房地产,word,房产交易,118,n
房地产,word,房地产金融机构,118,n
房地产,word,房地产销售,118,n
房地产,word,房屋赠与,118,n
房地产,word,房屋代管,118,n
房地产,word,房地产统计分析,118,n
房地产,word,房屋产权,118,n
房地产,word,房屋产权证书,118,n
房地产,word,房屋所有权登记,118,n
房地产,word,房地产违法行为,118,n
房地产,word,房地产买卖合同,118,n
房地产,word,房地产抵押合同,118,n
房地产,word,房地产抵押登记,118,n
房地产,word,房地产中介服务,118,n
房地产,word,房地产赠与合同,118,n
房地产,word,房屋维修,118,n
房地产,word,房屋维修管理,118,n
房地产,word,房屋完损等级,118,n
房地产,word,房地产市场管理,118,n
房地产,word,房地产价格政策,118,n
房地产,word,房地产价格管理,118,n
房地产,word,房屋买卖管理,118,n
房地产,word,房屋租赁管理,118,n
房地产,word,房地产评估机构,118,n
房地产,word,房地产经纪机构,118,n
房地产,word,房地产交易所,118,n
房地产,word,房地产测绘,118,n
房地产,word,房地产资金,118,n
房地产,word,房地产市场调查,118,n
房地产,word,房地产企业投资,118,n
房地产,word,房屋出租率,118,n
房地产,word,房产测量,118,n
房地产,word,房地产财务,118,n
房地产,word,房地产市场预测,118,n
房地产,word,房地产项目投资,118,n
房地产,word,房地产资金运动,118,n
房地产,word,房地产绿色营销,118,n
房地产,word,房地产网络营销,118,n
房地产,word,房屋估值,118,n
房地产,word,房地产促销,118,n
房地产,word,房地产促销组合,118,n
房地产,word,房地产营业推广,118,n
房地产,word,房地产广告预算,118,n
房地产,word,房地产公共关系,118,n
房地产,word,房地产市场营销计划,118,n
房地产,word,房地产营销审计,118,n
房地产,word,房地产人员推销,118,n
房地产,word,房地产广告目标,118,n
房地产,word,房地产销售管理,118,n
房地产,word,房地产营销控制,118,n
房地产,word,租金标准,118,n
房地产,word,房龄估价法,118,n
房地产,word,房地产商品,118,n
房地产,word,房地产开发投资,118,n
房地产,word,房地产置业投资,118,n
房地产,word,房地产买卖投资,118,n
房地产,word,房地产租赁投资,118,n
房地产,word,房地产自营投资,118,n
房地产,word,房地产混合投资,118,n
房地产,word,房地产纠纷,118,n
房地产,word,房地产经纪,118,n
房地产,word,房地产经纪信息,118,n
房地产,word,房地产经纪合同纠纷,118,n
房地产,word,房地产买卖纠纷,118,n
房地产,word,房地产抵押纠纷,118,n
房地产,word,房屋典当纠纷,118,n
房地产,word,房地产经纪纠纷,118,n
房地产,word,房屋代管纠纷,118,n
房地产,word,房地产经纪合同,118,n
房地产,word,房屋互换纠纷,118,n
房地产,word,房屋修缮纠纷,118,n
房地产,word,房屋拆迁纠纷,118,n
房地产,word,房地产开发纠纷,118,n
房地产,word,房屋产权纠纷,118,n
房地产,word,房屋产权的取得,118,n
房地产,word,房屋产权的确认,118,n
房地产,word,房屋产权保护,118,n
房地产,word,房地产纠纷仲裁,118,n
房地产,word,房地产纠纷民事诉讼,118,n
房地产,word,房地产纠纷行政诉讼,118,n
房地产,word,房地产贸易,118,n
房地产,word,房地产法律责任,118,n
房地产,word,房地产抵押贷款评估,118,n
房地产,word,房地产费,118,n
房地产,word,房地产咨询费,118,n
房地产,word,房地产经纪费,118,n
房地产,word,房地产价格评估费,118,n
房地产,word,房屋拆迁评估费,118,n
房地产,word,房屋搬迁许可证,118,n
房地产,word,房屋销售率,118,n
房地产,word,房地产市场机制,118,n
房地产,word,房地产市场风险,118,n
房地产,word,房地产市场风险管理,118,n
房地产,word,房地产市场宏观调控,118,n
房地产,word,房地产贷款管理,118,n
房地产,word,房地产投资收益,118,n
房地产,word,房地产销售收益,118,n
房地产,word,房地产租金收益,118,n
房地产,word,房地产咨询,118,n
房地产,word,房地产咨询机构,118,n
房地产,word,房地产政策咨询,118,n
房地产,word,房地产法律咨询,118,n
房地产,word,房地产信息咨询,118,n
房地产,word,房地产信息,118,n
房地产,word,房地产信息咨询业,118,n
房地产,word,房地产法律关系,118,n
房地产,word,房地产法律事实,118,n
房地产,word,房地产法律事件,118,n
房地产,word,房地产法律行为,118,n
房地产,word,房地产市场信息,118,n
房地产,word,房地产市场信息系统,118,n
房地产,word,房地产信息市场,118,n
房地产,word,房地产资金市场,118,n
房地产,word,房地产劳务市场,118,n
房地产,word,房屋权利申请人,118,n
房地产,word,房地产产权,118,n
房地产,word,房屋实测面积,118,n
房地产,word,房屋新开工面积,118,n
房地产,word,辅助面积,118,n
房地产,word,房屋权属登记费,118,n
房地产,word,房屋产权置换,118,n
房地产,word,房屋权利人,118,n
房地产,word,房屋产权面积,118,n
房地产,word,房屋,118,n
房地产,word,房屋共有权证,118,n
房地产,word,房屋权属证书,118,n
房地产,word,房产折旧,118,n
房地产,word,房屋层数,118,n
房地产,word,房地产评估价格,118,n
房地产,word,房屋预测面积,118,n
房地产,word,房屋施工面积,118,n
房地产,word,房屋竣工面积,118,n
房地产,word,房地产信托基金,118,n
房地产,word,房地产交易手续费,118,n
房地产,word,房屋耐用年限,118,n
房地产,word,房地产商,118,n
房地产,word,房地产中间商,118,n
房地产,word,房屋他项权证,118,n
房地产,word,房屋修缮周期,118,n
房地产,word,房屋租赁登记,118,n
房地产,word,房地产权属变更登记,118,n
房地产,word,房地产登记费,118,n
房地产,word,房屋权属注销登记,118,n
房地产,word,房地产制度,118,n
房地产,word,房屋产权管理,118,n
支付方式,word,B2C在线支付,117,n
支付方式,word,电子支付,117,n
支付方式,word,电话支付,117,n
支付方式,word,第三方支付,117,n
支付方式,word,电子银行支付,117,n
支付方式,word,倒进账,117,n
支付方式,word,第三方支付担保,117,n
支付方式,word,订金加提成支付,117,n
支付方式,word,等额支付,117,n
支付方式,word,第四方支付,117,n
支付方式,word,二维码支付,117,n
支付方式,word,非接触支付,117,n
支付方式,word,固网支付,117,n
支付方式,word,宏支付,117,n
支付方式,word,近场支付,117,n
支付方式,word,即时支付,117,n
支付方式,word,快捷支付,117,n
支付方式,word,空中充值,117,n
支付方式,word,离线支付,117,n
支付方式,word,礼品卡,117,n
支付方式,word,双离线支付,117,n
支付方式,word,NFC支付,117,n
支付方式,word,统一性付费,117,n
支付方式,word,网络支付,117,n
支付方式,word,微支付,117,n
支付方式,word,无卡支付,117,n
支付方式,word,微信支付,117,n
支付方式,word,移动支付,117,n
支付方式,word,远程支付,117,n
支付方式,word,云支付,117,n
支付方式,word,异地支付,117,n
支付方式,word,预付费卡,117,n
支付方式,word,预付费支付,117,n
支付方式,word,支付结汇,117,n
支付方式,word,总价支付,117,n
支付方式,word,支付摩擦系数,117,n
支付系统,word,电子支付系统,117,n
支付系统,word,安心付,117,n
支付系统,word,安付通,117,n
支付系统,word,ATM跨行转账,117,n
支付系统,word,Apple Pay,117,n
支付系统,word,百付宝,117,n
支付系统,word,财付通,117,n
支付系统,word,超级网银,117,n
支付系统,word,CNAPS行号,117,n
支付系统,word,电子钱包,117,n
支付系统,word,大额实时支付系统,117,n
支付系统,word,电子支票系统,117,n
支付系统,word,电视支付系统,117,n
支付系统,word,第二代支付系统,117,n
支付系统,word,电子现金支付系统,117,n
支付系统,word,EBPP,117,n
支付系统,word,二清机构,117,n
支付系统,word,国库集中支付系统,117,n
支付系统,word,公路计量支付系统,117,n
支付系统,word,柜面通,117,n
支付系统,word,行名行号管理系统,117,n
支付系统,word,后支付系统,117,n
支付系统,word,净额支付系统,117,n
支付系统,word,集中代收付系统,117,n
支付系统,word,境内外币支付系统,117,n
支付系统,word,净额定时支付系统,117,n
支付系统,word,金融支付服务,117,n
支付系统,word,金融支付清算系统,117,n
支付系统,word,开账与结算计划,117,n
支付系统,word,卡基支付,117,n
支付系统,word,离线交易系统,117,n
支付系统,word,POS系统,117,n
支付系统,word,Paypal,117,n
支付系统,word,移动POS支付系统,117,n
支付系统,word,凭证支付系统,117,n
支付系统,word,全国电子联行系统,117,n
支付系统,word,全额实时支付系统,117,n
支付系统,word,人脸识别支付系统,117,n
支付系统,word,人民币跨境支付系统,117,n
支付系统,word,首信易,117,n
支付系统,word,手机支付系统,117,n
支付系统,word,手机支付卡,117,n
支付系统,word,同城清算系统,117,n
支付系统,word,统一支付系统,117,n
支付系统,word,VTM,117,n
支付系统,word,网上清算跨行支付系统,117,n
支付系统,word,网上支付系统,117,n
支付系统,word,信用卡支付系统,117,n
支付系统,word,虚拟POS系统,117,n
支付系统,word,余额宝,117,n
支付系统,word,银校直联无现金支付系统,117,n
支付系统,word,央行支付系统,117,n
支付系统,word,银行支付系统,117,n
支付系统,word,银联在线支付,117,n
支付系统,word,易宝支付,117,n
支付系统,word,联动优势,117,n
支付系统,word,预支付系统,117,n
支付系统,word,自动柜员机,117,n
支付系统,word,支付宝,117,n
支付系统,word,中国现代化支付系统,117,n
支付系统,word,支票影像交换系统,117,n
支付系统,word,自动清算所,117,n
支付系统,word,支付系统风险,117,n
支付系统,word,支付系统流动性风险,117,n
支付系统,word,支付指令,117,n
支付系统,word,指纹支付,117,n
支付系统,word,支付系统操作风险,117,n
支付系统,word,支付系统清算账户,117,n
支付系统,word,支付脱媒,117,n
支付系统,word,支付工具,117,n
支付系统,word,支付媒介,117,n
支付系统,word,账户支付系统,117,n
支付系统,word,在线交易系统,117,n
支付系统,word,主机卡模拟,117,n
支付系统,word,智能交易,117,n
房地产,categories,房地产公司标志,118,n
房地产,word,房地产开发经营权,118,n
房地产,word,房地产投资法,118,n
房地产,word,房地产投机,118,n
房地产,word,房地产投资主体,118,n
房地产,word,房地产市场体系,118,n
房地产,word,房地产企业负债,118,n
房地产,word,房地产代理,118,n
房地产,word,房地产流通,118,n
房地产,word,房地产总成本,118,n
房地产,word,房地产代理合同,118,n
房地产,word,房地产市场营销,118,n
房地产,word,房地产买卖,118,n
房地产,word,房地产买卖统计,118,n
房地产,word,房地产估价机构,118,n
房地产,word,房屋互换统计,118,n
房地产,word,房地产统计,118,n
房地产,word,房地产行纪,118,n
房地产,word,房地产居间,118,n
房地产,word,房地产居间合同,118,n
房地产,word,房地产行纪合同,118,n
房地产,word,房地产转让合同,118,n
房地产,word,房屋抵押权,118,n
房地产,word,房地产互换合同,118,n
房地产,word,房地产登记制度,118,n
房地产,word,房地产周期,118,n
房地产,word,房地产营销环境,118,n
房地产,word,房屋先租后售,118,n
房地产,word,房屋登记簿,118,n
房地产,word,产权登记面积,118,n
房地产,word,房屋售后包租,118,n
房地产,word,房地产公证,118,n
房地产,word,房屋抵押合同公证,118,n
房地产,word,房屋公证,118,n
房地产,word,房地产信心指数,118,n
房地产,word,房地产保有环节税,118,n
房地产,word,房产垫资赎楼,118,n
房地产,word,房屋确权,118,n
房地产,word,房屋登记费,118,n
房地产,word,房地产投资效益,118,n
房地产,word,房地产综合开发,118,n
房地产,word,房地产升值,118,n
房地产,word,房地产市场供求均衡,118,n
房地产,word,房地产市场供求非均衡,118,n
房地产,word,房地产中介服务市场,118,n
房地产,word,复合地产,118,n
房地产,word,泛地产,118,n
房地产,word,房地产中介服务业,118,n
房地产,word,房地产指数期货,118,n
房地产,word,房地产开发贸易,118,n
房地产,word,房屋质量保修保证担保,118,n
房地产,word,房产委托公证,118,n
房地产,word,房产买卖合同公证,118,n
房地产,word,房地产广告媒体,118,n
房地产,word,房屋中介代销手续费收入,118,n
房地产,word,房地产市场分析,118,n
房地产,word,房地产物业管理,118,n
房地产,word,房地产经济师,118,n
房地产,word,房地产价值损失,118,n
房地产,word,房地产强制拍卖估价,118,n
房地产,word,房地产损害,118,n
房地产,word,房地产价格申报制度,118,n
房地产,word,房地产众筹,118,n
房地产,word,房屋产权单位,118,n
房地产,word,房产过户,118,n
房地产,word,房租管制,118,n
房地产,word,房地产电商,118,n
房地产,word,房屋回购,118,n
房地产,word,房屋征收制度,118,n
房地产,word,房地产抵押价值,118,n
房地产,word,房屋维修工程考核,118,n
房地产,word,房地产纠纷估价,118,n
房地产,word,房地产金融体系,118,n
房地产,word,房地产分割抵押,118,n
房地产,word,房产金融,118,n
房地产,word,房地产租赁信托,118,n
房地产,word,房屋产权年限,118,n
房地产,word,房地产品牌,118,n
房地产,word,房产遗产税,118,n
房地产,word,房产继承税费,118,n
房地产,word,房产加名税,118,n
房地产,word,房产赠与税,118,n
房地产,word,房抵贷,118,n
房地产,word,房虫,118,n
房地产,word,房奴,118,n
房地产,word,房地产金融化,118,n
房地产,word,房地产去库存,118,n
房地产,word,房地产库存,118,n
房地产,word,房屋典权,118,n
房地产,word,房地产发展商,118,n
房地产,word,房贷违约,118,n
房地产,word,房屋征收决定,118,n
房地产,word,购房分期付款,118,n
房地产,word,公摊面积,118,n
房地产,word,购房定金协议,118,n
房地产,word,购房定金,118,n
房地产,word,个别因素修正,118,n
房地产,word,高层住宅比例,118,n
房地产,word,公用建筑面积分摊系数,118,n
房地产,word,个人住房担保贷款,118,n
房地产,word,个人住房抵押贷款,118,n
房地产,word,公共绿地,118,n
房地产,word,购房面积,118,n
房地产,word,国家康居示范工程,118,n
房地产,word,构筑物,118,n
房地产,word,隔断,118,n
房地产,word,关系推广,118,n
房地产,word,改善型住房,118,n
房地产,word,公益拆迁,118,n
房地产,word,购房预算规划,118,n
房地产,word,工业用地,118,n
房地产,word,公有住房出售,118,n
房地产,word,公共住宅金融,118,n
房地产,word,耕地动态监测预警系统,118,n
房地产,word,公摊率,118,n
房地产,word,购房补贴,118,n
房地产,word,国五条,118,n
房地产,word,勾地制,118,n
房地产,word,购房首付,118,n
房地产,word,购房契税,118,n
房地产,word,公房分割,118,n
房地产,word,公摊系数,118,n
房地产,word,互换房屋,118,n
房地产,word,户室比,118,n
房地产,word,货币分房,118,n
房地产,word,户型,118,n
房地产,word,合作建房制度,118,n
房地产,word,货币补偿基准价,118,n
房地产,word,回迁房,118,n
房地产,word,基准地价,118,n
房地产,word,建筑面积,118,n
房地产,word,建设工程抵押,118,n
房地产,word,境外房地产投资,118,n
房地产,word,经租房产,118,n
房地产,word,经租房产基金,118,n
房地产,word,经租房产管理,118,n
房地产,word,经租房产折旧,118,n
房地产,word,经租房产折旧额,118,n
房地产,word,经租房产折旧率,118,n
房地产,word,经租房产折旧基金,118,n
房地产,word,建筑物折旧,118,n
房地产,word,基准地价评估,118,n
房地产,word,假设开发法,118,n
房地产,word,建筑物贬值,118,n
房地产,word,计租面积,118,n
房地产,word,结构面积,118,n
房地产,word,建筑密度,118,n
房地产,word,居住区道路,118,n
房地产,word,居住空间,118,n
房地产,word,竣工房屋价值,118,n
房地产,word,建设用地使用权,118,n
房地产,word,建筑物,118,n
房地产,word,居住面积系数,118,n
房地产,word,建筑用地面积,118,n
房地产,word,节能住宅,118,n
房地产,word,居间中保,118,n
房地产,word,房屋工程保险,118,n
房地产,word,建设项目用地预审,118,n
房地产,word,建设用地指标置换,118,n
房地产,word,建设用地,118,n
房地产,word,基准房价,118,n
房地产,word,集成型敏捷住宅企业,118,n
房地产,word,建筑系数,118,n
房地产,word,建筑物估价,118,n
房地产,word,基准地块评估法,118,n
房地产,word,集体土地所有证,118,n
房地产,word,集体土地建设用地使用权,118,n
房地产,word,930新政,118,n
房地产,word,集体土地,118,n
房地产,word,居者有其屋计划,118,n
房地产,word,经转商,118,n
房地产,word,紧凑城市理论,118,n
房地产,word,集体建设用地,118,n
房地产,word,开发商,118,n
房地产,word,空置率,118,n
房地产,word,空置房,118,n
房地产,word,空房率,118,n
房地产,word,开间,118,n
房地产,word,空置面积,118,n
房地产,word,科技地产,118,n
房地产,word,开发商囤地,118,n
房地产,word,空间权,118,n
房地产,word,烂尾楼,118,n
房地产,word,楼花转让,118,n
房地产,word,楼面价,118,n
房地产,word,绿化建设费,118,n
房地产,word,绿化补偿费,118,n
房地产,word,临时安置补助费,118,n
房地产,word,临时过渡安置,118,n
房地产,word,绿化率,118,n
房地产,word,绿地率,118,n
房地产,word,楼盘,118,n
房地产,word,楼市崩盘,118,n
房地产,word,零首付,118,n
房地产,word,楼市回暖,118,n
房地产,word,联营企业房产,118,n
房地产,word,楼市调控,118,n
房地产,word,楼板价,118,n
房地产,word,面积误差比,118,n
房地产,word,毛地价,118,n
房地产,word,耐用年限法,118,n
房地产,word,年产值倍数测算法,118,n
房地产,word,内部认购,118,n
房地产,word,农用土地使用权,118,n
房地产,word,农地发展权,118,n
房地产,word,农村集体经营性建设用地,118,n
房地产,word,农用地级别调整法,118,n
房地产,word,农地价格因素修正测算法,118,n
房地产,word,逆权侵占,118,n
房地产,word,逆向购房,118,n
房地产,word,普涨,118,n
房地产,word,普通住房,118,n
房地产,word,批后管理,118,n
房地产,word,屏风楼,118,n
房地产,word,批发零售用地,118,n
房地产,word,配售型保障房,118,n
房地产,word,批地租金,118,n
房地产,word,区域因素修正,118,n
房地产,word,去房地产化,118,n
房地产,word,企业房地产估价,118,n
房地产,word,企业房地产,118,n
房地产,word,区位价法,118,n
房地产,word,去化周期,118,n
房地产,word,契税发票,118,n
房地产,word,前期工程费,118,n
房地产,word,容积率,118,n
房地产,word,入住率,118,n
房地产,word,入伙纸,118,n
房地产,word,容积率修正,118,n
房地产,word,日照间距,118,n
房地产,word,日光盘,118,n
房地产,word,认筹,118,n
房地产,word,商品房建设贷款,118,n
房地产,word,商品房现售,118,n
房地产,word,商品住宅市场,118,n
房地产,word,商业地产营销策划,118,n
房地产,word,商品房认购协议,118,n
房地产,word,商品房预售合同纠纷,118,n
房地产,word,商品房预售合同转让纠纷,118,n
房地产,word,数量调查法,118,n
房地产,word,深度指数,118,n
房地产,word,实际观察法,118,n
房地产,word,深度指数表,118,n
房地产,word,市场提取法,118,n
房地产,word,商品房预售许可证,118,n
房地产,word,实用面积,118,n
房地产,word,商品房销售额,118,n
房地产,word,实际销售面积,118,n
房地产,word,室内净高,118,n
房地产,word,熟地价,118,n
房地产,word,商品房实际销售额,118,n
房地产,word,商品房预租,118,n
房地产,word,使用面积系数,118,n
房地产,word,生态住宅,118,n
房地产,word,首付比,118,n
房地产,word,商住倒挂,118,n
房地产,word,商业地产股,118,n
房地产,word,商品房包销,118,n
房地产,word,时间风险,118,n
房地产,word,售后公房再出售,118,n
房地产,word,商业地产系统,118,n
房地产,word,商业地产价值链,118,n
房地产,word,设权登记,118,n
房地产,word,3.30新政,118,n
房地产,word,商铺返祖,118,n
房地产,word,涉外房产,118,n
房地产,word,三权分置,118,n
房地产,word,土地出让金,118,n
房地产,word,土地使用权,118,n
房地产,word,土地使用权出让底价,118,n
房地产,word,土地收益金,118,n
房地产,word,土地开发,118,n
房地产,word,土地开发成本,118,n
房地产,word,投资性房地产后续计量,118,n
房地产,word,土地使用权出让,118,n
房地产,word,土地使用权转让,118,n
房地产,word,土地使用权抵押,118,n
房地产,word,土地使用权出租,118,n
房地产,word,土地估价,118,n
房地产,word,土地抵押权,118,n
房地产,word,土地使用权终止,118,n
房地产,word,推定变更,118,n
房地产,word,土地投资,118,n
房地产,word,土地价格,118,n
房地产,word,土地证书,118,n
房地产,word,土地使用权出让合同,118,n
房地产,word,投资性住宅市场,118,n
房地产,word,土地使用制度,118,n
房地产,word,土地出让价款,118,n
房地产,word,土地收益,118,n
房地产,word,土地价格评估费,118,n
房地产,word,土地复垦,118,n
房地产,word,土地复垦费,118,n
房地产,word,土地闲置费,118,n
房地产,word,土地使用权划拨,118,n
房地产,word,土地使用权续期,118,n
房地产,word,土地使用权继承,118,n
房地产,word,土地使用权变更登记,118,n
房地产,word,土地使用权赠与,118,n
房地产,word,土地使用权赠与合同,118,n
房地产,word,土地使用权抵押合同,118,n
房地产,word,土地抵押权的消灭,118,n
房地产,word,土地抵押权效力,118,n
房地产,word,土地抵押权实现,118,n
房地产,word,土地使用年期修正,118,n
房地产,word,土地生熟程度,118,n
房地产,word,土地开发费,118,n
房地产,word,土地使用年期,118,n
房地产,word,他项权利登记,118,n
房地产,word,土地估价师,118,n
房地产,word,土地登记代理,118,n
房地产,word,土地登记代理人,118,n
房地产,word,土地登记代理机构,118,n
房地产,word,土地登记代理合同,118,n
房地产,word,土地使用权登记,118,n
房地产,word,套型,118,n
房地产,word,土地征用,118,n
房地产,word,土地征收,118,n
房地产,word,土地置换,118,n
房地产,word,土地发展权,118,n
房地产,word,土地登记费,118,n
房地产,word,土地批租,118,n
房地产,word,土地纯收益,118,n
房地产,word,土地使用费,118,n
房地产,word,土地挂牌交易,118,n
房地产,word,土地供应双轨制,118,n
房地产,word,土地改革,118,n
房地产,word,土地制度,118,n
房地产,word,土地国有制,118,n
房地产,word,地产,118,n
房地产,word,投资存量,118,n
房地产,word,土地经济供给,118,n
房地产,word,土地供给,118,n
房地产,word,土地溢价率,118,n
房地产,word,土地储备,118,n
房地产,word,土地交易价格,118,n
房地产,word,土地受容力,118,n
房地产,word,土地流拍,118,n
房地产,word,土地变更调查,118,n
房地产,word,土地入股,118,n
房地产,word,土地使用权分割抵押,118,n
房地产,word,国有土地使用证,118,n
房地产,word,土地用途管制,118,n
房地产,word,土地利用,118,n
房地产,word,土地出让市场指导价,118,n
房地产,word,土地利用系统,118,n
房地产,word,土地自然供给,118,n
房地产,word,土地需求,118,n
房地产,word,土地需求量预测,118,n
房地产,word,土地利用结构,118,n
房地产,word,土地利用分区,118,n
房地产,word,土地复垦规划,118,n
房地产,word,土地开发规划,118,n
房地产,word,土地利用规划环境影响评价,118,n
房地产,word,土地利用动态监测,118,n
房地产,word,跳单,118,n
房地产,word,土地问责制,118,n
房地产,word,田园城市理论,118,n
房地产,word,投机购房,118,n
房地产,word,TOLD开发模式,118,n
房地产,word,土地使用权买卖,118,n
房地产,word,土地投机,118,n
房地产,word,危险房屋,118,n
房地产,word,五证,118,n
房地产,word,卫星城,118,n
房地产,word,网络房产经纪人,118,n
房地产,word,捂盘惜售,118,n
房地产,word,网签,118,n
房地产,word,无偿续期,118,n
房地产,word,现房抵押,118,n
房地产,word,销售面积,118,n
房地产,word,吸纳量,118,n
房地产,word,闲置土地,118,n
房地产,word,限购令,118,n
房地产,word,行政强迁,118,n
房地产,word,新城市主义,118,n
房地产,word,新屋销售,118,n
房地产,word,行政划拨用地,118,n
房地产,word,蓄客,118,n
房地产,word,宣示登记,118,n
房地产,word,新国八条,118,n
房地产,word,小城镇建设,118,n
房地产,word,洗地（房地产）,118,n
房地产,word,限购限贷,118,n
房地产,word,虚拟产权式商铺,118,n
房地产,word,业主,118,n
房地产,word,预购商品房期权抵押,118,n
房地产,word,一次性安置,118,n
房地产,word,原地安置,118,n
房地产,word,异地安置,118,n
房地产,word,预售面积,118,n
房地产,word,运营费用比率,118,n
房地产,word,预测绘,118,n
房地产,word,一房多卖,118,n
房地产,word,用地红线,118,n
房地产,word,样点地价平均法,118,n
房地产,word,用地系数法,118,n
房地产,word,因城施策,118,n
房地产,word,意向金,118,n
房地产,word,异常地块,118,n
房地产,word,业主,118,n
房地产,word,预购商品房期权抵押,118,n
房地产,word,一次性安置,118,n
房地产,word,原地安置,118,n
房地产,word,异地安置,118,n
房地产,word,预售面积,118,n
房地产,word,运营费用比率,118,n
房地产,word,预测绘,118,n
房地产,word,一房多卖,118,n
房地产,word,用地红线,118,n
房地产,word,样点地价平均法,118,n
房地产,word,用地系数法,118,n
房地产,word,因城施策,118,n
房地产,word,意向金,118,n
房地产,word,异常地块,118,n
房地产,word,验房师,118,n
房地产,word,一房一价,118,n
房地产,word,阳光权,118,n
房地产,word,预制装配式房屋,118,n
房地产,word,以人查房,118,n
房地产,word,住宅投资,118,n
房地产,word,装修,118,n
房地产,word,租售比,118,n
房地产,word,住宅合作社,118,n
房地产,word,住房改造,118,n
房地产,word,住房债券,118,n
房地产,word,住房改造贷款,118,n
房地产,word,住宅使用面积,118,n
房地产,word,住房信贷保险,118,n
房地产,word,住房保险,118,n
房地产,word,住宅市场,118,n
房地产,word,作价补偿,118,n
房地产,word,租金收缴率,118,n
房地产,word,住宅折旧,118,n
房地产,word,住宅经营管理,118,n
房地产,word,住宅再生产,118,n
房地产,word,住宅金融公库,118,n
房地产,word,租金管理,118,n
房地产,word,租金基数,118,n
房地产,word,宗地地价,118,n
房地产,word,宗地地价评估,118,n
房地产,word,征地案例比较测算法,118,n
房地产,word,住宅进深,118,n
房地产,word,宅基地证,118,n
房地产,word,住宅平均层数,118,n
房地产,word,住宅用地,118,n
房地产,word,住宅成套率,118,n
房地产,word,住房私有率,118,n
房地产,word,住房自有率,118,n
房地产,word,中水处理,118,n
房地产,word,住宅建筑净密度,118,n
房地产,word,住宅建筑面积净密度,118,n
房地产,word,住宅建筑经济,118,n
房地产,word,住宅用地指标,118,n
房地产,word,宅基地使用权,118,n
房地产,word,住宅平面,118,n
房地产,word,住宅供给,118,n
房地产,word,住宅流通,118,n
房地产,word,住宅需求,118,n
房地产,word,住宅消费,118,n
房地产,word,住宅消费融资,118,n
房地产,word,住房制度,118,n
房地产,word,住房政策,118,n
房地产,word,住房政策体系,118,n
房地产,word,住宅消费结构,118,n
房地产,word,招拍挂制度,118,n
房地产,word,住房梯度消费,118,n
房地产,word,置业顾问,118,n
房地产,word,住房商品化,118,n
房地产,word,住宅产业化,118,n
房地产,word,装修监理,118,n
房地产,word,住房支付能力,118,n
房地产,word,综合地价款,118,n
房地产,word,楼市限外令,118,n
房地产,word,增量规划,118,n
房地产,word,政策性地价,118,n
房地产,word,征地区片综合地价,118,n
房地产,word,征地区片,118,n
房地产,word,住房供应体系,118,n
房地产,word,在线短租,118,n
房地产,word,中恒集团,118,n
房地产,word,宅基地,118,n
房地产,word,宅旁绿地,118,n
房地产,word,住宅价格指数,118,n
房地产,word,宅基地换房,118,n
房地产,word,自留地,118,n
房地产,word,组合城市,118,n
房地产,word,住宅负担能力指数,118,n
房地产,word,直过户,118,n
房地产,word,直管房产,118,n
房地产,word,组群式城市,118,n
房地产,word,租购同权,118,n
